Codigo;Nome;Funcao
999;ExecutaRegraRecursiva;Funcao ExecutaRegraRecursiva(Numero CodReg, Numero End Nivel, Alfa End Texto);
3;ConverteDataToDB;Funcao ConverteDataToDB(Numero DatNum,Alfa End DatAlf);
4;ConverteDataBanco;Funcao ConverteDataBanco(Numero DatNum,Alfa End DatAlf);
5;MontaSaldoAntConta;funcao MontaSaldoAntConta(Numero EmpCta,Alfa NumCta,Alfa TnsMov,Numero DatIni, Numero Libera,Numero End VlrSal);
6;MontaSaldoAntData;Funcao MontaSaldoAntData(Numero EmpCta,Alfa TipCta,Alfa NumCta,Numero DatIni,Numero Libera, Numero End VlrSal);
8;ComposicaoProduto','Funcao ComposicaoProduto(Alfa pCodPro, Alfa pCodDer, Numero pQtdInf, Numero pUniEst,Numero pDecPro,Numero pDecMon, Numero pDelMon, Numero pLmpLis, Numero pJunDer,Numero pTipDes);
11;InserirStr;Funcao InserirStr(Alfa Valor ,Alfa End Origem, Numero Pos);
12;LerPosicaoStr;Funcao LerPosicaoStr(Alfa Origem, Numero End Retorno, Numero Pos);
13;DeletarStr;Funcao DeletarStr(Alfa End Origem, Numero Pos, Numero Qtd);
14;CopiarStr;Funcao CopiarStr(Alfa End Origem, Numero Pos, Numero Qtd);
15;TamanhoStr;Funcao TamanhoStr(Alfa Origem, Numero End Tam);
16;IntParaStr;Funcao IntParaStr(Numero Origem, Alfa End Retorno);
17;StrParaInt;Funcao StrParaInt(Alfa Origem, Numero End Retorno);
18;MontaData;Funcao MontaData(Numero Dia, Numero Mes, Numero Ano, Numero End DatMon);
23;EstaNulo;Funcao EstaNulo(Alfa VarStr,Numero End Retorno);
24;PosicaoStr;Funcao PosicaoStr(Alfa SubStrOri,Alfa StrOri, Numero End PosStr);
25;UltimoDia;Funcao UltimoDia(Numero End DatAtu);
27;Extenso;Funcao Extenso(Numero VlrExt,Numero TamLn1,Numero TamLn2,Numero TamLn3, alfa End ExtLn1,alfa End ExtLn2,alfa End ExtLn3);
28;AlteraSitObsPed;Funcao AlteraSitObsPed(Numero EmpObs,Numero FilObs,Numero PedObs,Numero SeqObs, Numero SitObs, Numero End RetGra);
31;QuebraTexto;Funcao QuebraTexto(Alfa End Texto, Numero TamLin, Numero End NroLin);
32;BuscaLinhaTexto;Funcao BuscaLinhaTexto(Alfa Texto,Numero NroLin,Alfa End LinTex);
35;Concatena;funcao Concatena(Alfa Str1, Alfa Str2, Alfa Str3, Alfa End Destino);
36;DesMontaData;Funcao DesMontaData(Numero DatMon,Numero end Dia, Numero end Mes, Numero end Ano);
37;ExtensoMes;Funcao ExtensoMes(Numero DatMon,Alfa end ExtMes);
38;ExtensoSemana;Funcao ExtensoSemana(Numero DatMon,Alfa end ExtSem);
39;BuscaMascModPlano;Funcao BuscaMascModPlano(Numero CodMpc,Alfa end M1,Alfa end M2,Alfa end M3,Alfa end M4,Alfa end M5,Alfa end M6,Alfa end M7,Alfa end M8,Alfa end M9);
40;MontaHistoricoPadrao;Funcao MontaHistoricoPadrao(Numero CodHpd,Alfa end CplLct);
41;DataExtenso;Funcao DataExtenso(Numero pData,Alfa end pDatExt);
43;InserirAlfa;Funcao InserirAlfa(Alfa Valor ,Alfa End Origem, Numero Pos);
54;TruncarValor;Funcao TruncarValor(Numero End ValorVariavel);
55;ArredondarValor;Funcao ArredondarValor(Numero End ValorVariavel,Numero Precisao);
56;EntradaValor;funcao EntradaValor(alfa pCaption, alfa pDesTit, numero pTipDad, alfa pMasc,alfa pIniAlfa, numero pIniNum,alfa end pRetAlfa,numero end pRetNum, numero end pTipSai);
58;ConverteParaMaiusculo;Funcao ConverteParaMaiusculo (Alfa end pOrigem);
62;LeMemListPosEst;Funcao LeMemListPosEst(Numero NPos,Numero End FLis,Alfa End CDep,Alfa End COri,Alfa End CFam,Alfa End CPro,Alfa End CDer,Alfa End DPro,Numero End QtEst,Numero End PMed,Numero End VEst,Alfa End DNfv,Alfa End CpPro,Alfa End UMed,Alfa End ClFis);
64;AtualizaSaldoContabil;Funcao AtualizaSaldoContabil(Numero pMesAnoIni,Numero pMesAnoFim);
78;BuscaSaldoAnterior;Funcao BuscaSaldoAnterior(Numero pCodEmp,Numero pCodFil,Numero pCtaRed,Numero pMesAte,Numero End pSalAte);
83;CarregaSaldoContabil;Funcao CarregaSaldoContabil(Numero pCodEmp,Numero pCodFil,Numero pMesIni,Numero pMesFim);
84;LiberaSaldoContabil;Funcao LiberaSaldoContabil();
85;Saldo;Funcao Saldo(Numero pCtaRed, Numero End pSalMes);
89;PegaUltimoNum;Funcao PegaUltimoNum(Numero CodEmp, Numero CodFil, Alfa CamBas,Alfa DesCam, Numero End NumFcc, Numero End FlagFim);
90;GravaNumFcc;Funcao GravaNumFcc(Numero CodEmp, Numero CodFil, Alfa CodSnf, Numero NumNfv, Numero SeqIpv, Numero NumFcc);
91;GravaUltimoNum;Funcao GravaUltimoNum(Numero CodEmp, Numero CodFil, Alfa CamBas, Numero NumFcc);
92;RetornaAscII;Funcao RetornaAscII(Numero xNumero,Alfa End xCarAscII);
93;VerificaDiaUtil;Funcao VerificaDiaUtil(Numero Data, Numero Cep, Numero Vct,Numero End  DiaUtil);
97;AtualizaEmbalagensNF','Funcao AtualizaEmbalagensNF(Numero CodEmp, Numero CodFil, Alfa CodSnf, Numero NumNfv, Numero QtdEmb, Alfa NumEmb, Numero PesLiq, Numero PesBru);
119;MontaListPosEst;Funcao MontaListPosEst(Numero pEmp,Numero pData,Alfa Prod,Alfa Deriv,Alfa Depos,Alfa Orig,Alfa Fam,Alfa Agrupa);
122;AtualizaSaldoContabilAbr;Funcao AtualizaSaldoContabilAbr(Numero pCodEmp,Alfa pFilAbr,Numero pMesAnoIni,Numero pMesAnoFim);
123;BuscaSaldoAnteriorAbr;Funcao BuscaSaldoAnteriorAbr(Numero pCodEmp,Alfa pFilAbr,Numero pCtaRed,Numero pMesAte,Numero End pSalAte);
124;MontaSaldoAnteriorCliente','Funcao MontaSaldoAnteriorCliente(Numero pCodCli,Numero pDatIni,Numero End pSalCli);
125;MontaSaldoAnteriorFornecedor','Funcao MontaSaldoAnteriorFornecedor(Numero pCodFor,Numero pDatIni,Numero End pSalFor);
126;DeixaNumeros;funcao DeixaNumeros(Alfa End pNumAlf);
127;ConverteMaskContab','Funcao ConverteMaskContab(Numero Nivel, Alfa ClaCta, Alfa Mask, Alfa End ValorStr);
128;MontaSaldoAntClienteGrupo','Funcao MontaSaldoAntClienteGrupo(Numero pCodCli,Numero pDatIni,Alfa pCodCrp,Numero End pSalCli);
129;MontaSaldoAntFornecedorGrupo;Funcao MontaSaldoAntFornecedorGrupo(Numero pCodFor,Numero pDatIni,Alfa pCodCrp,Numero End pSalFor);
138;MontaSaldoAntExtrato','Funcao MontaSaldoAntExtrato(Numero EmpCta,Alfa NumCta,Numero DatBas,Numero End VlrSal);
139;ProcuraEnter;Funcao ProcuraEnter (Alfa StrProcura, Alfa end StrImp, Alfa end StrResto);
145;MontaSaldoAntCliTipoTitulo;Funcao MontaSaldoAntCliTipoTitulo(Numero pCodCli,Numero pDatBas, Numero pTipTpt, Numero End pSalCli);
146;MontaSaldoAntForTipoTitulo;Funcao MontaSaldoAntForTipoTitulo(Numero pCodFor,Numero pDatBas, Numero pTipTpt, Numero End pSalFor);
147;MontaAbrangencia;Funcao MontaAbrangencia(Alfa pCpoTab, Alfa pAbgInf, Alfa End pAbgMnt);
148;CarregaSaldoContabilAbr;Funcao CarregaSaldoContabilAbr(Numero pCodEmp,Alfa pCodFil,Numero pDatIni,Numero pDatFim,Numero pSaldoAnterior);
149;SaldoCompleto','Funcao SaldoCompleto(Numero pCtaRed, Numero End pDebMes, Numero End pCreMes, Numero End pSalMes);
151;NomeCompletoUsuario;Funcao NomeCompletoUsuario (Numero pCodUsu, Alfa End NomUsu);
501;GravaTabela;Funcao GravaTabela(alfa end NomeCampo, alfa end ValorCampo);
502;ConvDataInt;funcao ConvDataInt(alfa end DatAlf, numero end DatNum);
503;Arredonda;funcao Arredonda(numero end Valor, numero Decimais);
504;InsertMovimento;funcao InsertMovimento(numero pCodEmp, numero pCodFil, alfa pNumTit,alfa pCodTns, numero pVlrAbe, alfa pDatMov,numero pVlrMov, numero pSeqMov);, True); 
505;GeraMovimento;funcao GeraMovimento(numero GerMov);
506;VerificaNumero;funcao VerificaNumero(alfa Origem, numero end Retorno);
507;MontaNumLancamento','funcao MontaNumLancamento(numero pCodFil, numero pDatLct, numero pGrava, numero End pNumLct);
511;InsereRateioCrp;funcao InsereRateioCrp(alfa pRecPag, numero pCodEmp,numero pCodFil, alfa pNumTit,alfa pCodTpt, numero pCodFor,numero pSeqMov, alfa pCodCcu,numero pPerRat, numero pVlrRat);
512;AlteraCampoRetorno;funcao AlteraCampoRetorno(alfa pNomeCampo, alfa pVlrAlf, numero pVlrNum);
513;GeraLog;funcao GeraLog(Alfa pDscMem);
514;InsereParcelaPedido;funcao InsereParcelaPedido(numero pCodEmp, numero pCodFil, numero pNumPed,Alfa pCodCrp, Alfa pCodFcr, numero pDiaPar,Alfa pVctPar, numero pPerPar, numero pVlrPar,numero pDscPar, Alfa pObsPar);
516;LeMemListCcc;Funcao LeMemListCcc(Alfa AbrCcc, Numero End VlrDig,Numero End PerAli,Numero End VlrMon, Numero End Ret);
517;GravaMemListCcc;Funcao GravaMemListCcc(Alfa AbrCcc, Numero End VlrDig,Numero End PerAli,Numero End VlrMon, Numero End Ret);
518;BuscaSaldoAntCCusto;Funcao BuscaSaldoAntCCusto(Numero pCodEmp,Alfa pFilAbr,Numero pCtaRed,Alfa pCodCcu,Numero pDatAte,Numero pDatIni,Numero End pSalCcu);
519;CarregaRazaoPF;Funcao CarregaRazaoPF(Numero pCodEmp,Alfa pFilAbr,Numero pDatIni,Numero pDatFim,Numero pCtaFin,Numero pSalMes);
520;SaldoPF;Funcao SaldoPF(Numero pCtaFin,Numero End pMesAno,Numero End pVlrOrc,Numero End pSalCpt,Numero End pVlrCxa,Alfa End pObsRat,Alfa End pObsMov,Alfa End pApeHis,Numero End pPos);
521;LiberaPF;Funcao LiberaPF();
522;MontaSaldoAntCliEmpFil','Funcao MontaSaldoAntCliEmpFil(Numero pCodCli,Numero pCodFil, Numero pDatIni,Numero End pSalCli);
523;MontaSaldoAntForEmpFil','Funcao MontaSaldoAntForEmpFil(Numero pCodFor,Numero pCodFil, Numero pDatIni,Numero End pSalFor);
524;AlteraFormaRateioTransacao','Funcao AlteraFormaRateioTransacao(Numero pCodEmp, Alfa pCodTns, Numero pForRat);
525;DesmontaProduto;Funcao DesmontaProduto(Numero PCodemp, Alfa pCodPro, Alfa End pCod1, Alfa End pCod2,Alfa End pCod3, Alfa End pCod4, Alfa End pCod5, Alfa End pCod6, Alfa End pCod7);
526;LoteLctoCria;Funcao LoteLctoCria();
527;LoteLctoLibera;Funcao LoteLctoLibera();
528;LoteLctoInicializa','Funcao LoteLctoInicializa(Numero pCodEmp, Numero pCodFil, Numero pDatLot, Alfa pViaExe);
529;LoteLctoAdicionaLcto','Funcao LoteLctoAdicionaLcto(Numero pCodFil, Numero pDatLct, Numero pCtaDeb, Numero pCtaCre,Numero pVlrLct, Numero pCodHpd, Alfa pCplLct, Numero pNumFtc);
530;LoteLctoAdicionaRateio','Funcao LoteLctoAdicionaRateio(Numero pCtaRed, Alfa pCodCcu, Numero pPerRat, Numero pVlrRat);
531;LoteLctoGeraLote;Funcao LoteLctoGeraLote();
535;InsereCep;funcao InsereCep(numero pCepIni, numero pCepFim, Alfa pSigUfs, Alfa pNomCid);
536;LimpaGerTabNum;Funcao LimpaGerTabNum();
537;LimpaGerTabAlf;Funcao LimpaGerTabAlf();
538;LimpaEspacos;Funcao LimpaEspacos(Alfa end pString);
539;LimpaEspacosDireita;Funcao LimpaEspacosDireita(Alfa end pString);
540;LimpaEspacosEsquerda;Funcao LimpaEspacosEsquerda(Alfa end pString);
541;BuscaAbrangenciaUsuario;Funcao BuscaAbrangenciaUsuario(Alfa pTabela, Alfa end pAbrUsu);
542;AlteraTituloCP','Funcao AlteraTituloCP(numero pCodEmp, numero pCodFil, Alfa pNumTit, Alfa pCodTpt, numero pCodFor, Alfa pCamBas, Alfa pVlrAlf, numero pVlrNum);
543;RateioIntegracao','Funcao RateioIntegracao(Alfa pOpcao, Numero end pPosicao, Alfa end pCodCcu, Numero end pPerRat, Numero end pVlrRat);
544;Potencia;Funcao Potencia(Numero Base, Numero Expoente, Numero end Resultado);
545;VerificaValor;Funcao VerificaValor(Alfa Grid, Alfa Campo, Alfa Valor);
546;CarregaParametrosMovimento','Funcao CarregaParametrosMovimento(Numero CodEmp,Alfa CodBem,Numero DatCal,Numero End CodFil,Numero End CodEsp,Numero End CtaRed);
547;SaldoAnteriorCliente;Funcao SaldoAnteriorCliente(Numero pDatBas,Alfa pCodCli,Alfa pCodEmp,Alfa pCodFil,Alfa pCodPor,Alfa pCodCrt,Alfa pCodMoe,Alfa pCodRep,Alfa pCodTpt,Alfa pCodTns, Alfa pCodCrp, Alfa pNumTit,Numero End pSalCli);
548;SaldoAnteriorFornecedor;Funcao SaldoAnteriorFornecedor(Numero pDatBas,Alfa pCodFor,Alfa pCodEmp,Alfa pCodFil,Alfa pCodPor,Alfa pCodCrt,Alfa pCodMoe,Alfa pCodTpt,Alfa pCodTns, Alfa pCodCrp, Alfa pNumTit,Numero End pSalCli);
549;ExcluiBaixaCR;Funcao ExcluiBaixaCR(Numero pCodEmp, Numero pCodFil, Alfa pNumTit, Alfa pCodTpt,Numero pSeqMov);
550;EnviarEmail','Funcao EnviarEmail(Alfa Remetente, Alfa Assunto, Alfa Destinatario, Alfa CopiaPara, Alfa CopiaOculta, Alfa Corpo, Alfa Anexo, Alfa FormatoMensagem);
551;LoteLctoAdicionaLctoDoc','Funcao LoteLctoAdicionaLctoDoc(Numero pCodFil, Numero pDatLct, Numero pCtaDeb, Numero pCtaCre,Numero pVlrLct, Numero pCodHpd, Alfa pCplLct, Alfa pDocLct);
552;CaminhoMenu;Funcao CaminhoMenu(Alfa NomeTela, Alfa End Caminho);
553;TrocaEmpresaFilial;Funcao TrocaEmpresaFilial(Numero pCodEmp, Numero pCodFil);
554;AlteraCampoRetornoPE;funcao AlteraCampoRetornoPE(alfa pNomeCampo, alfa pVlrAlf, numero pVlrNum);
555;TotalContasCentroCusto;Funcao TotalContasCentroCusto(Numero ContaFinanceira, Numero ContaContabil, Alfa CentroCusto, Numero End Total);
556;SapiensSID;Funcao SapiensSID(alfa URL, alfa End RETORNO);, True);
557;CarregaSaldoContabilHis;Funcao CarregaSaldoContabilHis(Numero pCodEmp,Numero pCodMpc,Alfa pCodFil,Numero pDatIni,Numero pDatFim,Numero pSaldoAnterior);
558;BuscaSaldoAnteriorHis;Funcao BuscaSaldoAnteriorHis(Numero pCodEmp,Numero pCodMpc,Alfa pFilAbr,Numero pCtaRed,Numero pMesAte,Numero End pSalAte);
559;CancelaSaldoOrdemCompra;Funcao CancelaSaldoOrdemCompra(Numero pCodEmp, Numero pCodFil, Numero pNumOcp, Numero pSeqIte, Alfa pProSer, Numero pQtdCan);
560;LeMemListCompPro;Funcao LeMemListCompPro(Numero NumPos,Numero End FimLis,Alfa End CodNiv,Numero End CodEtg,Numero End SeqMod,Numero End TipPro,Alfa End CodCmp,Alfa End DesPro,Alfa End DerCmp,Alfa End UniMed,Numero End QtdTot,Numero End PerPrd,Alfa End CodDer);
561;ExecutaRelatorio;Funcao ExecutaRelatorio(Alfa pNomRel, Alfa pTelEnt, Alfa pNomOrd);
562;RetiraAcentuacao;Funcao RetiraAcentuacao(Alfa End pString);
563;GeraMovimentoNFSaida;Funcao GeraMovimentoNFSaida(Numero pCodEmp, Numero pCodFil, Alfa pCodSnf, Numero pNumNfv, Numero pSeqIpv, Alfa pCodTns);
564;MultiplicaValor;Funcao MultiplicaValor(Alfa Multiplicando, Numero Fator, Alfa End Retorno);
565;TotalRateado;Funcao TotalRateado(Numero Projeto, Numero Fase, Numero ContaFinanceira, Numero ContaContabil, Alfa CentroCusto, Numero End Total);
566;BuscaMascModPlano15n','Funcao BuscaMascModPlano15n(Numero CodMpc,Alfa end M10,Alfa end M11,Alfa end M12,Alfa end M13,Alfa end M14,Alfa end M15);
567;DesItemLista;Funcao DesItemLista(Alfa PNome, Alfa PItem, Alfa End PDesc);
568;CPFValido;Funcao CPFValido(Alfa pNumCpf, Alfa End PResult);
569;CNPJValido;Funcao CNPJValido(Alfa pNumCnpj, Alfa End PResult);
570;LoteLctoAdicionaAuxiliar','Funcao LoteLctoAdicionaAuxiliar(Numero pCtaRed, Numero pCtaAux, Numero pVlrLct, Numero pCodHpd, Alfa pCplLct, Alfa pDocLct);
571;BuscaSaldoAnteriorAbrAux;Funcao BuscaSaldoAnteriorAbrAux(Numero pCodEmp,Alfa pFilAbr,Numero pCtaRed,Numero pCtaAux,Numero pMesAte,Numero End pSalAte);
572;RateioIntegracaoFin','Funcao RateioIntegracaoFin(Alfa pOpcao, Numero end pPosicao, Alfa end pCodCcu, Numero end pPerRat, Numero end pVlrRat, Numero end pCtaFin);
573;LoteLctoAdicionaRateioFin','Funcao LoteLctoAdicionaRateioFin(Numero pCtaRed, Alfa pCodCcu, Numero pPerRat, Numero pVlrRat, Numero pCtaFin);              
575;CarregaSaldoContabilICP;Funcao CarregaSaldoContabilICP(Numero pCodEmp,Alfa pCodFil,Numero pDatIni,Numero pDatFim,Numero pSaldoAnterior);
576;BuscaFiltroRateioFin;Funcao BuscaFiltroRateioFin(Alfa pTipoFiltro,Numero pContaContabil,Numero pContaFinanceira,Numero pProjeto,Alfa pCentroCusto,Alfa End pSqlAux);
577;AlteraCampoEncontroPag;funcao AlteraCampoEncontroPag(alfa pNomeCampo, alfa pVlrAlf, numero pVlrNum);
578;AlteraCampoEncontroRec;funcao AlteraCampoEncontroRec(alfa pNomeCampo, alfa pVlrAlf, numero pVlrNum);
579;GeraConferenciaPatrimonio','Funcao GeraConferenciaPatrimonio(Alfa pNumPla, Numero pCodFil, Alfa pCodDep, Alfa pCodCcu, Alfa pCodLoc, Alfa pPlaSeg, Numero pCodEsp, Numero pCtaRed, Numero pQtdCon);
580;LerBalanca;Funcao LerBalanca(numero pControle, numero end pPeso);
584;CarregaSaldoProjeto;Funcao CarregaSaldoProjeto(Alfa pCodEmp, Alfa pNumPrj, Alfa pCodFpj, Alfa pRotPpj, Alfa pCtaFin, Alfa pCodCcu, Numero pMesAnoIni, Numero MesAnoFim, Alfa pCarPos, Alfa pCarOrc, Alfa pCarCts, Alfa pCarCcs);
585;SaldoProjeto;Funcao SaldoProjeto(Numero End p1,Numero End p2,Numero End p3,Numero End p4,Numero End p5,Numero End p6,Alfa End p7,Numero End p8,Numero End p9,Numero End p10,Numero End p11,Numero End pC12,Numero End pC13,Numero End p14);
586;LiberaSaldoProjeto;Funcao LiberaSaldoProjeto();
587;ExtensoMoeda','Funcao ExtensoMoeda(Numero VlrExt, Numero TamLn1, Numero TamLn2, Numero TamLn3, Alfa MoeIS, Alfa MoeIP, Alfa MoeDS, Alfa MoeDP, Alfa End ExtLn1, Alfa End ExtLn2, Alfa End ExtLn3);
588;LoteLctoInicializaDes','Funcao LoteLctoInicializaDes(Numero pCodEmp, Numero pCodFil, Numero pDatLot, Alfa pViaExe, Alfa pDesLot);
589;LoteLctoGeraLoteRet;Funcao LoteLctoGeraLoteRet(Alfa end pResult);
590;LoteLctoAdicionaLctoRet','Funcao LoteLctoAdicionaLctoRet(Numero pCodFil, Numero pDatLct, Numero pCtaDeb, Numero pCtaCre,Numero pVlrLct, Numero pCodHpd, Alfa pCplLct, Alfa pDocLct, Alfa end pResult);
591;LoteLctoAdicionaRateioRet','Funcao LoteLctoAdicionaRateioRet(Numero pCtaRed, Alfa pCodCcu, Numero pPerRat, Numero pVlrRat, Alfa end pResult);
592;LoteLctoAdicionaAuxiliarRet','Funcao LoteLctoAdicionaAuxiliarRet(Numero pCtaRed, Numero pCtaAux, Numero pVlrLct, Numero pCodHpd,Alfa pCplLct, Alfa pDocLct, Alfa end pResult);
593;BuscaDepreciacaoAcumulada','Funcao BuscaDepreciacaoAcumulada(Numero pCodEmp,Alfa pCodBem, Numero pDatCal, Alfa pTnsInt, Numero End pDprAcu, Numero End pCotDao, Numero End pCotDag, Numero End pVlrAtu, Numero End pQtdItm);
594;CarregaSaldoContabilAux;Funcao CarregaSaldoContabilAux(Numero pCodEmp,Alfa pCodFil,Alfa pCtaAux,Numero pDatIni,Numero pDatFim,Numero pSaldoAnterior);
595;SelecaoTabelas;Funcao SelecaoTabelas(Alfa pSqlSel, Alfa End pCpoRet, Alfa End pTemMas);
596;AlteraSitMccTesouraria;Funcao AlteraSitMccTesouraria()
597;ExecutaFormularioSGI;Funcao ExecutaFormularioSGI(Alfa pNomeForm, Alfa pParams);
598;LoteLctoAdicionaLctoObs','Funcao LoteLctoAdicionaLctoObs(Numero pCodFil, Numero pDatLct, Numero pCtaDeb, Numero pCtaCre,Numero pVlrLct, Numero pCodHpd, Alfa pCplLct, Alfa pDocLct, Alfa pObsCpl);
599;CarregaRazaoPFCCu;Funcao CarregaRazaoPFCCu(Numero pCodEmp,Alfa pFilAbr,Numero pDatIni,Numero pDatFim,Numero pCtaFin,Alfa pCodCcu, Numero pSalMes);
600;SaldoPFCCu','Funcao SaldoPFCCu(Numero pCtaFin, Alfa pCodCcu, Numero End pMesAno,Numero End pVlrOrc,Numero End pSalCpt,Numero End pVlrCxa,Alfa End pObsRat,Alfa End pObsMov,Alfa End pApeHis,Numero End pPos);
601;LiberaPFCCu;Funcao LiberaPFCCu();
602;SetaNumeroTelaEntrada;Funcao SetaNumeroTelaEntrada(Alfa NomeCampo, Numero Valor);
603;SetaAlfaTelaEntrada;Funcao SetaAlfaTelaEntrada(Alfa NomeCampo, Alfa Valor);
604;EscondeCampoTelaEntrada;Funcao EscondeCampoTelaEntrada(Alfa NomeCampo);
605;LeMemListCompPro_2;Funcao LeMemListCompPro_2(Numero P1,Numero End R1,Alfa End E2,Numero End R3,Numero End R4,Numero End R5,Alfa End R6,Alfa End R7,Alfa End R8,Alfa End R9,Numero End R10,Numero End R11,Alfa End R12,Alfa End R13);
606;GeraObsBloPed','Funcao GeraObsBloPed(Numero pCodEmp, Numero pCodFil, Numero pNumPed, Alfa pObs, Numero pCodMot, Alfa pAreCon, Alfa pBloPed, Alfa pSitObs);
607;LimpaRatOrcCtb;Funcao LimpaRatOrcCtb();
608;GeraRatOrcCtb;Funcao GeraRatOrcCtb(Numero pCodEmp, Numero pCodFil, Numero pMesAno, Numero pCtaRed, Alfa pCodCcu, Numero pVlrRat, Numero pPerRat, Numero pCtaFin);
609;GravaRatOrcCtb;Funcao GravaRatOrcCtb();
610;SetaParamBuscaTabPreco;Funcao SetaParamBuscaTabPreco(Numero pCodEmp,Alfa pCodPro,Alfa pCodDer, Alfa pCodSer,Alfa pCodTpr,Numero pQtdIte,Numero pDatBas,Alfa pCodCpg,Alfa pSigUfs, Alfa pModulo,Numero pCodFil,Numero pCodCli,Alfa pTnsPro,Numero pPerIcm,Alfa pCodFxa);
611;BuscaTabPreco;Funcao BuscaTabPreco(Alfa pCodMod, Alfa pCodAgm, Numero pCodRep, Alfa pCodMar, Alfa pCodLip,  Alfa pCodFam, Numero pCodCdi, Numero end pPreUni, Numero end pPerDsc, Numero end pPerCom);
612;BuscaVlrCccProduto;Funcao BuscaVlrCccProduto(Numero TabCcc,Numero Codccc,Alfa CodPro,Alfa CodDer, Numero End VlrCcc);
613;AlfaParaData;Funcao AlfaParaData(Alfa pDataAlfa, Numero End pDataNum);
614;LeGridBaixasBcd;Funcao LeGridBaixasBcd(Numero NumPos,Numero End FimLis,Numero End Sel,Numero End Fil,Alfa End Tit,Alfa End Tpt);
615;AlteraCampoSubst;Funcao AlteraCampoSubst(alfa pNomeCampo, alfa pVlrAlf, numero pVlrNum);
616;CarregarTextoArq;Funcao CarregarTextoArq(Alfa aArquivo, Alfa End aTexto);
617;SubstAlfa;Funcao SubstAlfa(Alfa aOld, Alfa aNew, Alfa End aDes);
618;SubstAlfaUmaVez;Funcao SubstAlfaUmaVez(Alfa aOld, Alfa aNew, Alfa End aDes);
619;PegarTipoVar;Funcao PegarTipoVar(Alfa aVar, Numero End aTipo);
620;PegarValorVarAlf;Funcao PegarValorVarAlf(Alfa aVar, Alfa End aAlfVal);
621;PegarValorVarNum;Funcao PegarValorVarNum(Alfa aVar, Numero End aNumVal);
622;SetarValorVarAlf;Funcao SetarValorVarAlf(Alfa aVar, Alfa aAlfVal);
623;SetarValorVarNum;Funcao SetarValorVarNum(Alfa aVar, Numero aNumVal);
624;EnviarEmailEx','Funcao EnviarEmailEx(Alfa Remetente, Alfa Assunto, Alfa Destinatario, Alfa CopiaPara, Alfa CopiaOculta, Alfa Corpo, Alfa Anexo, Alfa FormatoMensagem, Alfa End pErro);
625;RetornaLancamentoLista;Funcao RetornaLancamentoLista(Numero end aNumLct);
626;ComposicaoCombinacao','Funcao ComposicaoCombinacao(Alfa pCodMod, Numero pCodCbn, Alfa pCodDer, Numero pQtdInf, Numero pUniEst,Numero pDecPro,Numero pDecMon, Numero pDelMon, Numero pLmpLis, Numero pJunDer,Numero pTipDes);
627;CalculaAlfa','Funcao CalculaAlfa(Alfa aOperacao, Alfa aArgumento1, Alfa aArgumento2, Alfa End aResultado);
628;TrocaPortadorCarteira','Funcao TrocaPortadorCarteira(Numero pCodEmp, Numero pCodFil, Alfa pNumTit, Alfa pCodTpt, Alfa pCodPor, Alfa pCodCrt);
629;LoteLctoImportacaoSapiens;Funcao LoteLctoImportacaoSapiens(Numero pImpSap);
630;BuscaMenorMaiorVctBaiBcd;Funcao BuscaMenorMaiorVctBaiBcd(Numero End pVctMen,Numero End pVctMai);
631;MMCria;Funcao MMCria();
632;MMLibera;Funcao MMLibera();
633;MMBuscaCotacaoMoeda','Funcao MMBuscaCotacaoMoeda(Alfa pCodMoe, Numero pDatPre, Numero pTipVlr, Numero End pCotPre);
634;SapiensSIDEx','Funcao SapiensSIDEx(alfa URL, alfa PostQuery, alfa ProxyUserName, alfa ProxyPassword, alfa Headers, alfa End Retorno);, True);
635;LoteLctoInicializaCon','Funcao LoteLctoInicializaCon(Numero pCodEmp, Numero pCodFil, Numero pDatLot, Alfa pViaExe);
636;BuscaBaixaDepreciacao','Funcao BuscaBaixaDepreciacao(Numero pCodEmp, Alfa pCodBem, Numero pNumMan, Numero pDatMov, Numero pSeqMov, Alfa pCodTns, Alfa pTnsOri, Numero pVlrMov, Numero End BdpMio, Numero End BdpMco);
637;BuscaClienteBCD;Funcao BuscaClienteBCD(alfa End pNomCli);
638;AbrirTelaSistema;Funcao AbrirTelaSistema(Alfa aTela,Alfa aParametros, Numero End aResultado);
639;BuscarAbrEntUsuario;Funcao BuscarAbrEntUsuario(Numero aCodUsu, Alfa End aAbrEnt);
640;LeMemListAnaEmbFil','Funcao LeMemListAnaEmbFil(Numero Pos, Numero End FimLis, Numero End CodFil, Numero End QtdApr, Numero End QtdPro);
641;RetDiaUtilAntPos','Funcao RetDiaUtilAntPos(Numero pData, Numero pCEP, Numero End pDataAnt, Numero End pDataPos);
642;SetarFiltroSql;Funcao SetarFiltroSql(Alfa aTabela, Alfa aCampo, Alfa aFiltro);
643;BaixarComponentes;Funcao BaixarComponentes(Alfa pParametros,Alfa End pRetorno);
644;CancelarOP;Funcao CancelarOP(Alfa pOri,Numero pOP,Alfa End Retorno);
645;RetDiaSemana;Funcao RetDiaSemana(Numero pData, Numero End pDia);
646;ApontarOPs;Funcao ApontarOPs(Alfa pParam,Alfa End Retorno);
647;CancelarProducao','Funcao CancelarProducao(Numero pCodFil,Numero pNumPed,Numero pSeqIpd,Alfa pCancelarOps,Alfa pReabPedido,Alfa End pRetorno);
648;GeraNumeracaoSerie','Funcao GeraNumeracaoSerie(Alfa pCodPro,Alfa pCodDer,Alfa pCodDep,Alfa pOriOrp,Alfa pCodOri,Alfa pCodFam,Alfa pCodTns,Numero pNumDoc,Numero pNumPed,Numero pSeqIpd,Numero QtdGer,Alfa End Retorno);
649;ConverteParaMinusculo;Funcao ConverteParaMinusculo(Alfa End aCadCar);
650;IncluirOperacaoOP','Funcao IncluirOperacaoOP(Alfa pCodOri, Numero pNumOrp, Numero pCodEtg, Numero pSeqRot, Alfa pCodOpr, Numero pTipPos, Numero pNumCad, Numero pDtrIni, Numero pDtrFim, Numero pHorIni, Numero pHorFim, Alfa pMovAut, Alfa End Retorno);
651;BuscaCamposChaveTabela;Funcao BuscaCamposChaveTabela(Alfa pTabela, Alfa End pChave);
652;ExecutarRotinaSistema;Funcao ExecutarRotinaSistema(Numero aRotina, Alfa aParametros);
653;InsereRegistro33','Funcao InsereRegistro33(Numero pNumOri, Numero pCodEmp, Numero pCodFil, Numero pDatCmp, Alfa pCodImp, Numero pCodRec, Numero pClaVen, Numero pDatVen, Numero pVlrIte, Numero pNumAco);
654;InsereRegistro46','Funcao InsereRegistro46(Numero pNumSeq, Numero pCodEmp, Numero pCodFil, Numero pDatCmp, Alfa pCodImp, Numero pRegEsp, Numero pNumOri, Numero pVlrCre);
655;InsereRegistro49','Funcao InsereRegistro49(Alfa pSigUfs, Numero pCodEmp, Numero pCodFil, Numero pDatCmp, Alfa pCodImp, Numero pVlrCtb, Numero pBasCal, Numero pVlrOut, Numero pVlrPet, Numero pVlrPro);
656;InsereRegistro50','Funcao InsereRegistro50(Alfa pSigUfs, Numero pCodEmp, Numero pCodFil, Numero pDatCmp, Alfa pCodImp, Numero pVlrNco, Numero pVlrCon, Numero pBasNco, Numero pBasCon, Numero pVlrOut, Numero pVlrIcm);
657;InsereRegistroMunicipio','Funcao InsereRegistroMunicipio(Numero pCodMun, Numero pCodEmp, Numero pCodFil, Numero pDatCmp, Alfa pCodImp, Numero pVlrIte, Alfa pTipMov);
658;InsereRegistroMovimento','Funcao InsereRegistroMovimento(Numero NumCfp, Numero CodEmp, Numero CodFil, Numero DatCmp, Alfa CodImp, Numero VlrCtb, Numero BasCal, Numero ImpCre, Numero VlrIse, Numero VlrOut, Numero VlrBsi, Numero VlrSic, Numero VlrDai, Alfa TipMov);
659;MontaEstruturaProdutoOP;Funcao MontaEstruturaProdutoOP(Alfa pParam);
660;LeMemListProOP;Funcao LeMemListProOP(Numero NumPos,Numero End Fim,Alfa End CodNiv,Alfa End CodPro,Alfa End CodDer,Numero End CodEtg,Numero End SeqCmp,Alfa End CodCmp,Alfa End DerCmp,Alfa End RelPrd,Alfa End BxaOrp,Alfa End CodOri, Numero End NumOrp);
661;InsereRegInt;Funcao InsereRegInt(Numero PCodInt,alfa PTabela,alfa PChaTab,alfa PTipAlt);
662;LeMemListCompPro_3;Funcao LeMemListCompPro_3(Numero P1,Numero End R1,Alfa End E2,Numero End R3,Numero End R4,Numero End R5,Alfa End R6,Alfa End R7,Alfa End R8,Alfa End R9,Numero End R10,Numero End R11,Alfa End R12,Alfa End R13, Alfa End R14);
663;GeraItemEmbarquePedido;Funcao GeraItemEmbarquePedido(Alfa pCodBar, Numero pQtdCar);
664;CriaNovoProduto;Funcao CriaNovoProduto (Alfa CodFam, Alfa CodPro, Alfa DesPro);
665;CriaNovaDerivacao;Funcao CriaNovaDerivacao (Alfa CodPro, Alfa CodDer);
666;CriaNovoModelo','Funcao CriaNovoModelo (Alfa CodMod, Alfa DesMod, Alfa CodFam, Numero QtdBas, Numero SitMod);
667;AdicionaComponenteModelo','Funcao AdicionaComponenteModelo (Alfa CodMod, Numero CodEtg, Numero SeqMod, Alfa CodCmp, Numero TipRdm, Numero VlrRdm);
668;AdicionaConsumoComponente','Funcao AdicionaConsumoComponente (Alfa CodMod, Numero CodEtg, Numero SeqMod, Alfa CodDer,Alfa CodCmp,Alfa DerCmp,Numero QtdUti,Numero PerPrd, Numero QtdFrq);
669;CriaNovoRoteiro','Funcao CriaNovoRoteiro (Alfa CodRot, Alfa DesRot, Alfa CodFam, Numero QtdBas, Numero LotTec , Numero SitRot);
670;AdicionaEstagioRoteiro;Funcao AdicionaEstagioRoteiro (Alfa CodRot,Numero CodEtg,Numero SfxEtr,Numero TmpFix,Alfa CodSer,Numero CodFor,Numero FilPro);
671;AdicionaOperacaoRoteiro;Funcao AdicionaOperacaoRoteiro (Alfa CodRot,Numero CodEtg,Numero SfxEtr,Numero SeqRot,Numero SfxSeq,Alfa CodOpr,Alfa CodSer,Numero CodFor,Numero TipPos,Numero PerSbr);
672;CriaNovoServico;Funcao CriaNovoServico (Alfa CodSer, Alfa DesSer, Alfa CodFam);
673;RemeterRetornarServico;Funcao RemeterRetornarServico(Alfa pParam,Alfa End Retorno);
674;ConverteDataSqlSenior2;Funcao ConverteDataSqlSenior2(Numero aDatNum, Alfa End aDatSql);
675;AdicionaDerivacaoModelo;Funcao AdicionaDerivacaoModelo (Alfa CodMod, Alfa CodDer);
676;GerarOP;Funcao GerarOP(Alfa pParam,Alfa End Retorno);
677;AdicionaRateioRegra','Funcao AdicionaRateioRegra(Numero pNumPrj,Numero pCodFpj,Numero pCtaFin,Numero pCtaRed,Numero pPerRct,Numero pVlrRct,Alfa pCodCcu,Numero pPerRcc,Numero pVlrRcc,Alfa pObsRcc);
678;DuplicarProdutoServicoEmpresa;Funcao DuplicarProdutoServicoEmpresa(Numero pEmpOri,Alfa pProSerOri, Alfa pTipo, Alfa pEmpDes, Alfa pParam, Alfa End Retorno);
679;Raiz;Funcao Raiz(Numero pBase,Numero pIndice,Numero End pRetorno);
680;BuscarFiliaisAgrupamento','Funcao BuscarFiliaisAgrupamento(Numero pCodEmp, Alfa pAbrCodFil, Alfa pAbrCodAfi, Alfa End Retorno);
681;LeListaDvv','Funcao LeListaDvv(Numero Pos, Numero End FimLis, Alfa End NomDvv, Numero End VlrBas, Numero End VlrCal, Numero End VlrAvp, Numero End PrzCal);
682;AdicionaOperacaoManualRoteiro;Funcao AdicionaOperacaoManualRoteiro (Alfa pParam,Alfa End Retorno);
683;TrocarOpcaoOperacaoOP;Funcao TrocarOpcaoOperacaoOP(Alfa pParametros, Alfa End Retorno );
684;GerarHashCriptografico','Funcao GerarHashCriptografico(Numero aAlgoritmo, Alfa aValor, Alfa End aHash);
685;LoteLctoAdicionaLctoCgc','Funcao LoteLctoAdicionaLctoCgc(Numero pCodFil, Numero pDatLct, Numero pCtaDeb, Numero pCtaCre,Numero pVlrLct, Numero pCodHpd, Alfa pCplLct, Alfa pDocLct, Alfa pObsCpl, Numero pCgcCpf, Numero pCgcCre, Alfa end pResult);
686;CancelaSaldoRequisicoes;Funcao CancelaSaldoRequisicoes(Numero pCodEmp, Numero pNumEme, Numero pSeqEme, Numero pUsuEme,  Numero pDatEme,Numero pFilEme, Alfa pCodTns, Alfa pCodPro, Alfa pCodDer, Alfa pCodSer, Alfa pCodDep, Numero pQtdCan);
687;CarregaSaldoAnteriorProjeto;Funcao CarregaSaldoAnteriorProjeto(Alfa pCodEmp, Alfa pNumPrj, Alfa pCodFpj, Alfa pRotPpj, Alfa pCtaFin, Alfa pCodCcu, Numero pDatAtu, Alfa pCarPos, Alfa pCarOrc, Alfa pCarCts, Alfa pCarCcs);
688;SQLExecutar','Funcao SQLExecutar(Numero CodSql, Numero CodEmp, Numero CodFil, Numero DatIni, Numero DatFim);
689;SQLValorUnico;Funcao SQLValorUnico(Numero End Valor);
690;SQLProximo;Funcao SQLProximo();
691;SQLFim;Funcao SQLFim(Numero End Fim);
692;SQLRetornaValor;Funcao SQLRetornaValor(Numero Campo, Alfa End Valor);
693;SQLFechar;Funcao SQLFechar();
694;SQLQtdCampos;Funcao SQLQtdCampos(Numero End QtdCam);
695;SQLComando;Funcao SQLComando (Alfa End SqlTxt);
696;IncluirServicoOP;Funcao IncluirServicoOP(Alfa pParam,Alfa End Retorno);
697;Multiplo;Funcao Multiplo(Numero Dividendo, Numero Divisor, Numero End Retorno);
698;SQLNomeCampo;Funcao SQLNomeCampo (Numero Campo, Alfa End Nome);
699;BuscaSaldoProjeto;Funcao BuscaSaldoProjeto(Numero End p1,Numero End p2,Numero End p3,Numero End p4,Numero End p5,Numero End p6,Alfa End p7,Numero End p8,Numero End p9,Numero End p10,Numero End p11,Numero End pC12,Numero End pC13,Numero End p14, Alfa End p15);
700;BuscaFilialTituloCP','Funcao BuscaFilialTituloCP(Numero pCodEmp, alfa pNumTit, alfa pCodTpt, Numero pCodFor, Numero pVlrMov);
701;ImprimeNotasFiscaisSaida','Funcao ImprimeNotasFiscaisSaida(Alfa pCodSnf, Alfa pAbrNfs, Numero pUltNpi, Alfa pNomRel, Alfa pNomImp);
702;IncluiItemForColetaLeite','Funcao IncluiItemForColetaLeite(Numero pCodFor, Numero pQtdeInf, Numero pQtdPrd1, Numero pQtdPrd2, Numero pQtdPrd3, Numero pQtdPrd4, Numero pQtdPrd5, Numero pSeqOrm);
703;CarregaSaldoContabilAbrInt;Funcao CarregaSaldoContabilAbrInt(Numero pCodEmp,Alfa pCodFil,Numero pDatIni,Numero pDatFim,Numero pSaldoAnterior,Alfa pCodMoe);
704;SaldoInt;Funcao SaldoInt(Numero pCtaRed, Numero End pSalMes);
705;SaldoCompletoInt','Funcao SaldoCompletoInt(Numero pCtaRed, Numero End pDebMes, Numero End pCreMes, Numero End pSalMes);
706;BuscaSaldoAnteriorAbrInt;Funcao BuscaSaldoAnteriorAbrInt(Numero pCodEmp,Alfa pFilAbr,Numero pCtaRed,Numero pMesAte,Numero End pSalAte);
707;LiberaSaldoContabilInt;Funcao LiberaSaldoContabilInt();
708;CalcularDvNit;Funcao CalcularDvNit(Numero End aNit);
709;ConciliarSaldosConvertidos','Funcao ConciliarSaldosConvertidos(Numero pCodEmp,Alfa pAbrFil,Numero pDatIni, Numero pDatFim, Alfa pAbrMoe);
710;GravarPedidoGrade','Funcao GravarPedidoGrade(Alfa SIDXML, Alfa ManErrFec, Alfa ManErrIte, Alfa End Retorno);
711;LoteLctoInicializaDesCon','Funcao LoteLctoInicializaDesCon(Numero pCodEmp, Numero pCodFil, Numero pDatLot, Alfa pViaExe, Alfa pDesLot);
712;ConsistirLctoAContabilizar','Funcao ConsistirLctoAContabilizar(Numero pCodEmp,Alfa pAbrFil,Numero pDatIni, Numero pDatFim, Alfa pCtaAbr, Numero End pQtdReg);
713;DocumentoOrigem','Funcao DocumentoOrigem(Numero pCodEmp,Numero pNumLct,Alfa pOriLct, Alfa End pChaveOrigem);
714;RetornaProximoProjeto;Funcao RetornaProximoProjeto(Numero pCodEmp,Numero End pNumPrj);
715;LayoutImpGeraE615RPP;Funcao LayoutImpGeraE615RPP(Numero p1, Numero p2, Numero p3, Numero p4, Alfa p5, Numero p6, Alfa p7, Numero End p8, Alfa p9, Alfa p10, Numero p11, Numero p12, Numero End p13, Alfa End p14);
716;MontaListSerEst;Funcao MontaListSerEst(Numero pEmp, Alfa pPro, Alfa pDer, Alfa pDep, Alfa pSer, Numero pFil, Alfa pSnf, Numero pCli, Numero pNfv, Numero pIpv);
717;LimpaListSerEst;Funcao LimpaListSerEst();
718;CarregaSaldoContabilZer;Funcao CarregaSaldoContabilZer(Numero pCodEmp,Alfa pCodFil,Numero pDatIni,Numero pDatFim,Numero pSaldoAnterior);
719;CarregaSaldoFisPrj;Funcao CarregaSaldoFisPrj(Alfa pCodEmp, Alfa pNumPrj, Alfa pCodFpj, Alfa pCodPro, Alfa pCodDer, Alfa pCodSer, Alfa pRotPpj, Alfa pCtaFin, Alfa pCodCcu, Numero pMesAnoIni, Numero MesAnoFim, Alfa pCarCts, Alfa pCarCcs);
720;BuscaSaldoPrjFis;Funcao BuscaSaldoPrjFis(Alfa p1, Numero p2, Numero p3, Numero p4, Alfa p5, Numero p6, Alfa p7, Numero p8, Numero p9, Numero End p10, Numero End p11, Numero End p12, Numero End p13, Numero End p14, Alfa p15);
721;DuplicarAtualizarLote','Funcao DuplicarAtualizarLote(Numero pEmpDes, Numero pFilDes, Numero pEmpOri, Numero pLotOri);
722;ExcluirLoteDuplicado;Funcao ExcluirLoteDuplicado(Numero pEmpOri, Numero pLotOri);
724;DecimalParaAlfa;funcao DecimalParaAlfa(numero Origem, Alfa End Retorno);
725;DuplicarAtualizarLcto','Funcao DuplicarAtualizarLcto(Numero pEmpDes, Numero pFilDes, Numero pEmpOri, Numero pLctOri);
726;ExcluirLctoDuplicado;Funcao ExcluirLctoDuplicado(Numero pEmpOri, Numero pLctOri);
727;CalculaPrecoProRata;Funcao CalculaPrecoProRata(Numero pCriPrt,Numero pPreUni,Numero pIniVig, Numero pFimVig,Numero pCptFat,Numero pDatAux,Numero pCriFtc,Alfa pProRat);
728;RetornaPrecoProRata;Funcao RetornaPrecoProRata(Numero End Retorno);
729;ExisteVen160ProRat01;Funcao ExisteVen160ProRat01(Alfa End Retorno);
730;ConsiderarItemContrato','Funcao ConsiderarItemContrato(Numero pDatCpt,Numero pDatUft,Numero pDatIni,Numero pDiaPar, Numero pDiaBas);
731;RetornaConsiderarItemCtr;Funcao RetornaConsiderarItemCtr(Alfa End Retorno);
732;RetornaLigacao;Funcao RetornaLigacao(Alfa pTabela, Alfa pSimplificado, Alfa End Retorno);
733;RetornaItem;Funcao RetornaItem(Alfa pTabela, Alfa pChave, Numero pLista, Alfa End Retorno);
737;NormalLimiteSaldoZerado','Funcao NormalLimiteSaldoZerado(Numero pEmpNov, Numero pFilNov, Numero pPedNov, Numero pSeqNov, Numero pCodUsu, Numero aEmpAbt, Numero pFilAbt, Numero pPedAbt, Numero pSeqAbt);
734;CorrigeSaldoporDeposito;Funcao CorrigeSaldoporDeposito(Numero pEmpresa, Alfa pFilial, Alfa pProduto, Alfa pDerivacao,  Alfa pDeposito,Alfa pOrigem, Alfa pFamilia);
735;CorrigeSaldoporFilial;Funcao CorrigeSaldoporFilial(Numero pEmpresa, Alfa pFilial, Alfa pProduto, Alfa pDerivacao,  Alfa pDeposito,Alfa pOrigem, Alfa pFamilia);
736;ComposicaoProduto_2;Funcao ComposicaoProduto_2(Alfa pPro, Alfa pDer, Numero pQtd, Numero pUniEst,Numero pDecPro,Numero pDecMon, Numero pDelMon, Numero pLmpLis, Numero pJunDer,Numero pTipDes,Numero pNiv,Numero pFil,Numero pPed,Numero pSeq);
738;AgluCtbCriar;Funcao AgluCtbCriar(Alfa pAbrFil, Numero pOrdenacao);
739;AgluCtbLibera;Funcao AgluCtbLibera();
740;AgluCtbCarregar;Funcao AgluCtbCarregar(Numero pCodAgl, Numero pDatIni, Numero pDatFim);
741;AgluCtbValorAglu','Funcao AgluCtbValorAglu(Numero pCodAgl, Numero pDatIni, Numero pDatFim, Numero End Retorno);
742;AgluCtbValorComp','Funcao AgluCtbValorComp(Numero pCodAgl, Numero pDatRef, Numero pPosComp, Numero End pTemMais, Numero End Retorno);
743;AgluCtbContas;Funcao AgluCtbContas(Numero pCodAgl, Alfa End Retorno);
744;AgluCtbContaPertence;Funcao AgluCtbContaPertence(Numero pCodAgl, Numero pCtaRed, Alfa End Retorno);
745;GerarSeqEmbalagemPFA','Funcao GerarSeqEmbalagemPFA(Numero pCodEmp,Numero pCodFil,Numero pNumAne,Numero pNumPfa,Numero pNumNiv,Numero pSitEmb,Numero pCodEmb,Numero pQtdEmb,Alfa pNumEmb,Numero pVolOcu,Numero pPesBru, Numero pPesLiq,Alfa pObsEmb,Numero End pSeqEmb);
746;GerarItensEmbalagemPFA;Funcao GerarItensEmbalagemPFA(Numero pEmp,Numero pFil,Numero pAne,Numero pPfa, Numero pSeqEmb, Numero pSeqEpd,Numero pQtd,Numero pBru,Numero pLiq,Numero pSeqPes,Alfa pNumEmb,Numero pVol,Numero pDls,Numero pEbi, Alfa pObs);
747;AtualizarPesosPFA;Funcao AtualizarPesosPFA(Numero pEmp,Numero pFil,Numero pAne,Numero pPfa);
748;AtualizarSituacao_PFA_PES',
749;LerBalancaTipoPeso;Funcao LerBalancaTipoPeso(Numero pControle, alfa pTipoPeso, Numero end pPeso);
750;RetiraCaracteresEspeciais;Funcao RetiraCaracteresEspeciais(Alfa End Retorno);
751;AnalisaBloqueioAreaPedido','Funcao AnalisaBloqueioAreaPedido(Numero pCodEmp, Numero pCodFil, Numero pNumPed);
752;ImportacaoNFEletronica;Funcao ImportacaoNFEletronica();
753;MontaListaLotesSugeridos;Funcao MontaListaLotesSugeridos(Numero pCodEmp,Alfa pCodPro,Alfa pCodDer,Alfa pCodDep,Alfa pCodLot,Numero QtdSug);
754;LimpaListaLotesSugeridos;Funcao LimpaListaLotesSugeridos();
755;ExcluiSeqModelo;Funcao ExcluiSeqModelo(Alfa CodMod, Alfa CodEtg, Alfa SeqMod);
756;VerificaMovimentoConta;Funcao VerificaMovimentoConta(Numero pCtaRed, Alfa End pTemMov);
757;IncluirComponenteOP;Funcao IncluirComponenteOP(Alfa pParametros,Alfa End pRetorno);
758;ExcluirComponenteOP;Funcao ExcluirComponenteOP(Alfa pParametros,Alfa End pRetorno);
759;GerarVidUtilInicial','Funcao GerarVidUtilInicial(Numero pCodEmp,Alfa pCodBem,Data pDatIvd,Alfa pVidUti,Alfa pUniMed,Numero pVidTot, Numero pVidIni,Numero pVidMes,Numero pVlrJus,Numero pVlrEsp,Numero pVlrRes);
760;SimulacaoIMP_Iniciar;Funcao SimulacaoIMP_Iniciar();
761;SimulacaoIMP_Finalizar;Funcao SimulacaoIMP_Finalizar();
762;SimulacaoIMP_Calcular','Funcao SimulacaoIMP_Calcular(Numero pCodFil, Alfa pNumTit , Alfa pCodTpt, Numero pCodFor , Numero pDatPgt, Alfa pCodTns, Numero pVlrDsc, Numero end pVlrIns, Numero end pVlrIrf, Numero end pVlrIss, Numero end pVlrOur);
763;CarregarImagemFundoSistema;Funcao CarregarImagemFundoSistema(Alfa pCaminhoImagem);
764;ForcarFimEstagioOperacao;Funcao ForcarFimEstagioOperacao(Alfa pParametros, Alfa End pRetorno);
765;RecalcularOCServico;Funcao RecalcularOCServico(Alfa pParam,Alfa End Retorno);
766;CarregaSaldoPorMes','Funcao CarregaSaldoPorMes(Alfa pCodEmp,Alfa pCodFil,Alfa pCodCCu,Numero pDatIni,Numero pDatFim);
767;CarregaSaldoPorMesAnt','Funcao CarregaSaldoPorMesAnt(Alfa pCodEmp,Alfa pCodFil,Alfa pCodCCu,Numero pDatIni,Numero pDatFim);
768;SaldoMes','Funcao SaldoMes(Numero pCtaRed,Numero pMesSal,Alfa pDebCre,Numero End pSalM01,Numero End pSalM02,Numero End pSalM03,Numero End pSalM04,Numero End pSalM05,Numero End pSalM06);
769;CarregaSaldoContabilRel','Funcao CarregaSaldoContabilRel(Numero pCodEmp,Numero pCodMpa,Alfa pCodFil,Numero pDatIni,Numero pDatFim,Numero pSaldoAnterior,Numero pRelCCusto);
770;CriarEstoque;Funcao CriarEstoque(Alfa End Produto, Alfa End Derivacao, Alfa End Deposito);
771;RetornarServicoOP;Funcao RetornarServicoOP(Alfa pParametros,Alfa End pRetorno);
772;SelecaoLctCP;Funcao SelecaoLctCP(Alfa pSqlSel, Alfa End pCpoRet, Alfa End pTemMas, Numero pRangeLct);, True);
773;ImportacaoMoeda','Funcao ImportacaoMoeda(Alfa pCodMoe,Alfa pDesMoe,Alfa pSigMoe,Alfa pTipCot,Numero pDiaBas,Numero pNroInteiros,Numero End pNroDecimais);,True);
774;ImportacaoCotacoesMoeda','Funcao ImportacaoCotacoesMoeda(Alfa pCodMoe,Numero pDatMoe,Numero pVlrCot,Numero End pVlrPre);, True);
775;DescricaoEstruturaModelo','Funcao DescricaoEstruturaModelo(Alfa pNomRel, Alfa End pAreRel, Alfa End pGesRel, Alfa End pCatRel, Alfa End pExtRel);
776;CalculaIndiceCiap','Funcao CalculaIndiceCiap(Numero pCodEmp, Numero pCodFil, Numero pMesCal, Numero End pIndCip, Numero End pVlrTri, Numero End pVlrCtb, Numero End pVlrExp, Numero End pVlrIIc);
777;ConverteUM','Funcao ConverteUM(ALfa pCodPro, Alfa pCodDer, Alfa UniMedDe, Alfa UniMedPara, Numero pQtde, Numero pCodFor, Numero End QtdCnv);, True);
778;AdicionaComponenteModelo2','Funcao AdicionaComponenteModelo2(Alfa pParametros, Alfa End pRetorno);
779;TruncarDecimal;Funcao TruncarDecimal(Numero End Valor, Numero pDecimais);
780;AlfaParaDecimal;Funcao AlfaParaDecimal(Alfa Valor, Numero End Retorno);
781;AlterarVidaUtilBem;Funcao AlterarVidaUtilBem(Numero aCodEmp, Alfa aCodBem, Data aDatIvd, Alfa aVidUti, Alfa aUniMed, Numero aVidTot, Numero aVidIni, Numero aVidMes, Numero aVlrJus, Numero aVlrEsp, Numero aVlrRes, Numero aVdpAcu, Numero aGerarAcr);
782;ComposicaoProduto_3;Funcao ComposicaoProduto_3(Alfa pPro, Alfa pDer, Numero pQtd, Numero pUniEst, Numero pDecPro,Numero pDecMon, Numero pDelMon, Numero pLmpLis, Numero pJunDer,Numero pTipDes,Numero pNiv, Numero pFil,Numero pPed,Numero pSeq, Numero pExc);
783;ArredondaValorTipoAcerto;Funcao ArredondaValorTipoAcerto(Numero End Valor, Numero aTipoAcerto);
784;GerarContaAuxiliarCliFor;Funcao GerarContaAuxiliarCliFor(Numero aCodCli, Numero aCodFor, Numero aCodEmp, Numero aCodFil, Numero aCtaRed, Alfa aDesAux, Numero aCtaAdiantamento, Numero End aCtaAux);
785;ConciliarSaldoCcu;Funcao ConciliarSaldoCcu(Numero aCodEmp, Alfa aAbrFil, Numero aDatIni, Numero aDatFim);
786;CriarEstruturaSaldoCcu;Funcao CriarEstruturaSaldoCcu(Numero aCodEmp, Alfa aAbrFil, Numero aDatIni, Numero aDatFim, Numero aSalAnt);
787;RetornarSaldoCcu;Funcao RetornarSaldoCcu(Numero aCtaRed, Alfa aCodCcu, Numero End aSalAnt);
788;LimparEstruturaSaldoCcu;Funcao LimparEstruturaSaldoCcu();
789;MontaListaNFCRetornoComponentes;Funcao MontaListaNFCRetornoComponentes(Numero pCodEmp, Numero pCodFil, Numero pForNfc, Alfa pSnfNfc, Numero pNumNfc, Numero pSeqIpc, Numero pQtdFat);
790;LimpaListaNFCRetornoComponentes;Funcao LimpaListaNFCRetornoComponentes();
791;ConverteUnidadeMedida','Funcao ConverteUnidadeMedida(Alfa aCodPro, Alfa aCodDer, Alfa aUniMedDe, Alfa aUniMedPara, Numero aQtde, Numero aCodFor, Numero aQtdDec, Numero aCodEmp, Numero End aQtdCnv);
792;GeraObsNfv','Funcao GeraObsNfv(Numero aCodEmp, Numero aCodFil, Alfa aCodSnf, Numero aNumNfv, Alfa aObservacao);
793;GerarVencimento;Funcao GerarVencimento(Numero aCodEmp, Numero aCodFil, Numero aCodFor, Alfa aCodCpg, Alfa aData, Alfa End aDataRetorno);
794;RetornarParametroGlobalGoUp;Funcao RetornarParametroGlobalGoUp(Alfa aNomePGS, Alfa End aValorPGS);
795;ConsisteRelacionamentoEntreTitulos;Funcao ConsisteRelacionamentoEntreTitulos(Numero aCodEmp, Alfa aCodTpt, Alfa aTptRlc, Numero aTipRtt);
796;CarregarSaldoContabil;Funcao CarregarSaldoContabil(Numero aTipSal, Numero aCodEmp, Alfa aAbrFil, Alfa aAbrPca, Numero aDatIni, Numero aDatFin, Numero aCodMpc, Numero aCodMpa, Numero aCodMpu, Numero aSalAnt, Numero aDesZer, Numero aComMem, Numero aDzeTco);
797;BuscarSaldoContabil;Funcao BuscarSaldoContabil(Numero aCtaRed, Alfa aCodCcu, Numero aMesAno, Numero End aSaldo);
798;LiberarSaldoContabil;Funcao LiberarSaldoContabil();
799;RetornaItemPelaDescLista;Funcao RetornaItemPelaDescLista(Alfa aNomeLista, Alfa aItem, Numero End aIndice);
800;MontaFaturamento;Funcao MontaFaturamento(Numero pEmp,Alfa pFil,Numero pCpt,Alfa pPro,Alfa pSer, Alfa pFam,Alfa pAgc,Alfa pProSer,Alfa pVarSer,Alfa pRep,Alfa pCat,Alfa pConFat, Alfa pCalCom,Alfa pGerFin,Alfa pTitPgt);
801;LeFaturamento;Funcao LeFaturamento(Numero NPos,Numero End FLis,' Numero End cFil,Alfa End cSnf, Numero End cNfv,Numero End cIpv,Numero End cEmi, Numero End cCli,Alfa End cRet,Numero End cBco, Numero End cCom,Numero End cCtr,Numero End cFin, Numero End cRep);
802;LeFaturamento2;Funcao LeFaturamento2(Numero NPos,Numero End FLis, Alfa End cAgc,Alfa End cPro,Alfa End cDer, Alfa End cSer,Alfa End cVar,Alfa End cDep, Numero End cFat,Numero End cRec,Numero End cUni, Numero End cMgc,Alfa End cCat,Alfa End cTit, Alfa End cBan);
803;EstornaComponentes;Funcao EstornaComponentes(Alfa aCodOri, Numero aNumOrp, Numero aCodEtg, Alfa aCodPro, Alfa aCodDer, Alfa aCodCmp, Alfa aDerCmp, Numero aQtdEst, Numero aDatFim, Alfa aCodTns, Alfa End Retorno);
804;GravarLog;Funcao GravarLog(Alfa aNomTab, Alfa aTipLog, Alfa aChaTab, Alfa aNomFrm, Alfa aDesLog);
805;GerarSubprodutosOPModelo;Funcao GerarSubprodutosOPModelo(Numero aCodEmp, Alfa aCodOri, Numero aNumOrp, Alfa End aRetorno);
806;ArredondarValorEx;Funcao ArredondarValorEx(Numero End ValorVariavel,Numero Precisao);
807;AlteraCampoRetornoCC;Funcao AlteraCampoRetornoCC(alfa pNomeCampo, alfa pVlrAlf, numero pVlrNum);
808;SomarMesesDataRef;Funcao SomarMesesDataRef(Numero aDataRef, Numero aQtdMeses, Numero aDiaRetorno, Numero End aDataRefFin);
809;AbrirLog;Funcao AbrirLog(Alfa aNomeArquivo);
810;IncrementarCodigoAlfa;Funcao IncrementarCodigoAlfa(alfa end aCodigo);
811;SaldoContabilCompleto;Funcao SaldoContabilCompleto(Numero aCtaRed, Alfa aCodCcu, Numero aMesAno, Numero end aDebCta, Numero end aCreCta, Numero end aSalCta, Numero end aSalAntCta);
812;GerarPendenciaExportacao;Funcao GerarPendenciaExportacao(Numero CodInt, Numero IdeInt, Alfa Chave);
813;LerPedidosCanSub;Funcao LerPedidosCanSub(Numero NPos,Numero End FLis,Numero End Emp,Numero End Fil,Numero End Ped,Numero End Seq,Alfa End Pro,Alfa End Der,Alfa End ProS,Alfa End DerS,Alfa End Dep,Numero End Qtd,Numero End Pre,Numero End Vlr,Alfa End Cse);
814;GerarPendenciaExportacaoRet;Funcao GerarPendenciaExportacaoRet(Numero CodInt, Numero IdeInt, Alfa Chave, Alfa MsgRetorno);
815;RetornaMensagemCadastroCliente;Funcao RetornaMensagemCadastroCliente(Numero CodCli, Numero SeqMsg, Numero CodMsg, Alfa MsgRetorno);
816;SugerirLoteUnico;Funcao SugerirLoteUnico(Numero pCodEmp,Alfa pCodPro,Alfa pCodDer,Alfa pCodDep,Alfa pCodLot,Numero QtdSug);
817;RetornarParametroGlobal;Funcao RetornarParametroGlobal(Alfa aParametro, Alfa End aValorParametro);
818;RetornarDigitoVerificadorVolume;Funcao RetornarDigitoVerificadorVolume(Numero aCodEmp, Alfa end aValorRetorno);
819;LeListaConferenciaPreFatura','Funcao LeListaConferenciaPreFatura(Numero Pos, Numero End FimLis, Numero End CodEmp, Numero End CodFil, Numero End NumAne,  Numero End NumPfa, Numero End SeqPes, Alfa End CodPro, Alfa End CodDer, Numero End QtdPed, Numero End QtdCnf);
820;LeListaVolumesPreFatura','Funcao LeListaVolumesPreFatura(Numero Pos, Numero End FimLis, Alfa CodPro, Alfa CodDer, Alfa End CodBar, Numero End QtdCnf);
821;SugerirLoteCriterio;Funcao SugerirLoteCriterio(Numero pCodEmp,Alfa pCodPro,Alfa pCodDer,Alfa pCodDep,Alfa pCodLot,Numero QtdSug,Numero pCriFed);
822;AlteraCampoRetornoRA;Funcao AlteraCampoRetornoRA(alfa pNomeCampo, alfa pVlrAlf, numero pVlrNum);
823;AlteraCampoRetornoTF;Funcao AlteraCampoRetornoTF(alfa pNomeCampo, alfa pVlrAlf, numero pVlrNum);
824;AdicionaItemGrid;Funcao AdicionaItemGrid(alfa aGrid);
825;VerificaItemGrid;Funcao VerificaItemGrid(alfa aGrid, numero aCodFil, alfa aNumTit, alfa aCodTpt, numero aNumNfv, alfa aCodSnf, numero aCodAci, numero End aRetorno);
826;TemRegistrosGrid;Funcao TemRegistrosGrid(Alfa Grid);
827;MMBuscaCotacaoMoedaHora','Funcao MMBuscaCotacaoMoedaHora(Alfa pCodMoe, Numero pDatPre, Numero pHorPre, Numero pTipVlr, Numero End pCotPre);
828;CadastrarInfAdicionaisICMS;Funcao CadastrarInfAdicionaisICMS (Numero aEmpresa, Numero aFilial, Alfa aImposto, Data aPeriodoCalculo, Numero aDispositivo, Numero aValor);
829;AssinarArquivoDigital;Funcao AssinarArquivoDigital (Numero aEmpresa, Numero aFilial, Alfa aCaminhoXML, Alfa aNomeElementoAssinar, Alfa aNomeElementoSalva);
830;CarregaRazaoPFSit;Funcao CarregaRazaoPFSit(Numero pCodEmp,Alfa pFilAbr,Numero pDatIni,Numero pDatFim,Numero pCtaFin,Numero pSalMes, Alfa pSituacao);
831;CarregaRazaoPFCCuSit;Funcao CarregaRazaoPFCCuSit(Numero pCodEmp,Alfa pFilAbr,Numero pDatIni,Numero pDatFim,Numero pCtaFin,Alfa pCodCcu, Numero pSalMes, Alfa pSituacao);
832;BuscaFiltroRateioFinSit;Funcao BuscaFiltroRateioFinSit(Alfa pTipoFiltro,Numero pContaContabil,Numero pContaFinanceira,Numero pProjeto,Alfa pCentroCusto,Alfa End pSqlAux, Alfa pSituacao);
833;OrcamentoCtaCtbIniciarMemoria;Funcao OrcamentoCtaCtbIniciarMemoria();
834;OrcamentoCtaCtbPreencherMemoria;Funcao OrcamentoCtaCtbPreencherMemoria(Numero pCodEmp, Numero pCodFil, Numero pMesAno, Numero pCtaRed, Numero pVlrOrc);
835;OrcamentoCtaCtbAtualizarCtaPai;Funcao OrcamentoCtaCtbAtualizarCtaPai();
836;OrcamentoCtaCtbLiberarMemoria;Funcao OrcamentoCtaCtbLiberarMemoria();
837;BuscarFilialMaiorRelevancia;Funcao BuscarFilialMaiorRelevancia(Numero pCodEmp, Alfa pCodFil, Alfa pCodAfi, Numero End aRetorno);
838;FormataPrecisaoP;Funcao FormataPrecisaoP(numero Valor,  alfa end ValorFormatado);
839;DefinirCategoriaPedidoWms;Funcao DefinirCategoriaPedidoWms(Numero CodEmp, Numero CodFil, Numero NumPed, Numero CatCli, Alfa End MsgErro);
840;GerarOrdemSeparacaoWms','Funcao GerarOrdemSeparacaoWms(Numero CodEmp, Numero CodFil, Numero NumPed, Alfa End NumOrd, Alfa End MsgErro);
841;RetornarValorLinhaApuracao','Funcao RetornarValorLinhaApuracao(Numero aEmpresa, Numero aFilialMatriz, Alfa aCodigoImposto, Data aDataApuracao, Alfa aTabela, Alfa aCodigoLinha, Numero End aValorLinha);
842;GeraObsNf','Funcao GeraObsNf(Numero aCodEmp, Numero aCodFil, Alfa aCodSnf, Numero aNumNfv, Alfa aObservacao, Numero aTipInf);
843;GeraObsPed','Funcao GeraObsPed(Numero aCodEmp, Numero aCodFil, Numero aNumPed, Numero aTipInf, Alfa aObservacao);
844;GeraObsPfa','Funcao GeraObsPfa(Numero aCodEmp, Numero aCodFil, Numero aNumAne, Numero aNumPfa, Numero aTipInf, Alfa aObservacao);
845;ListaRegraPrimeiro','Funcao ListaRegraPrimeiro(Numero aLista, Alfa End aExecutou);
846;ListaRegraProximo','Funcao ListaRegraProximo(Numero aLista, Alfa End aExecutou);
847;ListaRegraAnterior','Funcao ListaRegraAnterior(Numero aLista, Alfa End aExecutou);
848;ListaRegraUltimo','Funcao ListaRegraUltimo(Numero aLista, Alfa End aExecutou);
849;ListaRegraInicio','Funcao ListaRegraInicio(Numero aLista, Alfa End aInicio);
850;ListaRegraFim','Funcao ListaRegraFim(Numero aLista, Alfa End aFim);
851;ListaRegraObterValorAlfa','Funcao ListaRegraObterValorAlfa(Numero aLista, Alfa aColuna, Alfa End aValor, Alfa End aObteve);
852;ListaRegraObterValorNumero','Funcao ListaRegraObterValorNumero(Numero aLista, Alfa aColuna, Numero End aValor, Alfa End aObteve);
853;ListaRegraObterValorData','Funcao ListaRegraObterValorData(Numero aLista, Alfa aColuna, Data End aValor, Alfa End aObteve);
854;ListaRegraProcurarAlfa','Funcao ListaRegraProcurarAlfa(Numero aLista, Alfa aColuna, Alfa aValor, Alfa End aExisteRegistro);
855;ListaRegraProcurarNumero','Funcao ListaRegraProcurarNumero(Numero aLista, Alfa aColuna, Numero aValor, Alfa End aExisteRegistro);
856;ListaRegraProcurarData','Funcao ListaRegraProcurarData(Numero aLista, Alfa aColuna, Data aValor, Alfa End aExisteRegistro);
857;ListaRegraProcurarRegistro','Funcao ListaRegraProcurarRegistro(Numero aLista, Alfa End aExisteRegistro);
858;ListaRegraTotalLinhas','Funcao ListaRegraTotalLinhas(Numero aLista, Numero End aTotal);
859;ListaRegraAddValorLinhaAlfa','Funcao ListaRegraAddValorLinhaAlfa(Numero aLista, Alfa aColuna, Alfa aValor, Alfa End aExecutou);
860;ListaRegraAddValorLinhaNumero','Funcao ListaRegraAddValorLinhaNumero(Numero aLista, Alfa aColuna, Numero aValor, Alfa End aExecutou);
861;ListaRegraAddValorLinhaData','Funcao ListaRegraAddValorLinhaData(Numero aLista, Alfa aColuna, Data aValor, Alfa End aExecutou);
862;ListaRegraInicializarProcurar','Funcao ListaRegraInicializarProcurar(Numero aLista, Alfa End aExecutou);
863;ListaRegraAddProcurarAlfa','Funcao ListaRegraAddProcurarAlfa(Numero aLista, Alfa aColuna, Alfa aValor, Alfa End aExecutou);
864;ListaRegraAddProcurarNumero','Funcao ListaRegraAddProcurarNumero(Numero aLista, Alfa aColuna, Numero aValor, Alfa End aExecutou);
865;ListaRegraAddProcurarData','Funcao ListaRegraAddProcurarData(Numero aLista, Alfa aColuna, Data aValor, Alfa End aExecutou);
866;ListaRegraNovaLinha','Funcao ListaRegraNovaLinha(Numero aLista);
867;ListaRegraSalvarLinha','Funcao ListaRegraSalvarLinha(Numero aLista);
868;ListaRegraExcluirLinha','Funcao ListaRegraExcluirLinha(Numero aLista);
869;ListaRegraSalvarLista','Funcao ListaRegraSalvarLista(Numero aLista, Alfa aCaminho, Alfa aNomeArquivo, Alfa aFormato);
870;ListaRegraEmInclusao','Funcao ListaRegraEmInclusao(Numero aLista, Alfa End aEmInclusao);
871;ListaRegraPosicaoAtual','Funcao ListaRegraPosicaoAtual(Numero aLista, Numero End aPosicao);
872;ListaRegraPodeExcluir','Funcao ListaRegraPodeExcluir(Numero aLista, Alfa End aPermite);
873;ListaRegraPodeAlterar','Funcao ListaRegraPodeAlterar(Numero aLista, Alfa End aPermite);
874;ListaRegraPodeIncluir','Funcao ListaRegraPodeIncluir(Numero aLista, Alfa End aPermite);
875;ListaRegraProcurarProximo','Funcao ListaRegraProcurarProximo(Numero aLista, Alfa End aExisteRegistro);
876;ListaRegraProcurarAnterior','Funcao ListaRegraProcurarAnterior(Numero aLista, Alfa End aExisteRegistro);
877;ListaRegraIrPara','Funcao ListaRegraIrPara(Numero aLista, Numero aPosicao, Alfa End aExecutou);
878;ListaRegraAlterarLinhaAlfa','Funcao ListaRegraAlterarLinhaAlfa(Numero aLista, Alfa aColuna, Alfa aValor, Alfa End aExecutou);
879;ListaRegraAlterarLinhaNumero','Funcao ListaRegraAlterarLinhaNumero(Numero aLista, Alfa aColuna, Numero aValor, Alfa End aExecutou);
880;ListaRegraAlterarLinhaData','Funcao ListaRegraAlterarLinhaData(Numero aLista, Alfa aColuna, Data aValor, Alfa End aExecutou);
881;GerarCargaInicialOEE;Funcao GerarCargaInicialOEE(Data DataInicio);
882;ObterSequenciaPendenciaCarga;Funcao ObterSequenciaPendenciaCarga(Numero CodEmp, Data DatGer, Numero End SeqPen); 
883;ComposicaoProduto_4','Funcao ComposicaoProduto_4(Alfa pCodPro, Alfa pCodDer, Numero pQtdInf, Numero pUniEst,Numero pDecPro,Numero pDecMon, Numero pDelMon, Numero pLmpLis, Numero pJunDer,Numero pTipDes, Alfa pMsgUsu);
884;OtimizarAbrangencia;Funcao OtimizarAbrangencia(Alfa pAbrangecia, Alfa End pAbrangeciaOtimizada);
885;BuscarDescricaoEnum','Funcao BuscarDescricaoEnum(Alfa aEnum, Alfa aCodigo, Alfa End aDescricao);
886;BuscarDataVencimentoImposto','Funcao BuscarDataVencimentoImposto(Numero aCodFil, Alfa aCodImp, Data aDatabase, Data End aDataVencimento);
887;SldCtbFuncoes;Funcao SldCtbFuncoes(Numero pChave);
888;SldCtbDefParametro;Funcao SldCtbDefParametro(Alfa pChave, Alfa pValor);
889;SldCtbRetItemAtual;Funcao SldCtbRetItemAtual(Numero End pCtaRed, Alfa End pCodCcu,  Data End pMesAno, Alfa End pClaCta, Alfa End pClaCcu, Alfa End pAnaCta,  Alfa End pAnaCcu, Numero End pDebMes,  Numero End pCreMes, Numero End pSalMes, Numero CtaAnt);
890;SalvarLog;Funcao SalvarLog(Alfa pDescricao, Alfa pNomeArquivo);
891;ExecutaRelatorioArquivo;Funcao ExecutaRelatorioArquivo (Alfa pNomRel, Alfa pTelEnt, Alfa pNomOrd, Alfa pSaidaImpressa, Alfa pNomeArquivo, Alfa pFormatoArquivo);
892;SimulacaoIMP_CalcularParcial','Funcao SimulacaoIMP_CalcularParcial(Numero pCodFil, Alfa pNumTit, Alfa pCodTpt, Numero pCodFor, Numero pDatPgt, Alfa pCodTns, Numero pVlrDsc, Numero pVlrMov, Numero end pVlrIns, Numero end pVlrIrf, Numero end pVlrIss, Numero end pVlrOur);
893;GerarEventoIntegracaoWF20','Funcao GerarEventoIntegracaoWF20(Alfa NomRot, Alfa ChvRot, Alfa End IdeEvt);
894;InscricaoEstadualValida','Funcao InscricaoEstadualValida(Alfa aInscricaoEstadual, Alfa aSiglaUF, Alfa End aResult);
895;Sleep;Funcao Sleep(Numero aTempo);
896;DuplicarFilial;Funcao DuplicarFilial(Numero pCodEmpOri,Numero pCodFilOri, Numero pCodEmpDes,Numero pCodFilDes);
897;AtualizaConsultaPermissoes;Funcao AtualizaConsultaPermissoes(Numero aTipPer, Alfa aAbrUsu);
898;RetornarDiasUteisMes;Funcao RetornarDiasUteisMes(Data aDatabase, Numero aTipoRetorno, Numero end aQtdDiasUteis);
899;RetornarDiasUteisPeriodo;Funcao RetornarDiasUteisPeriodo(Data aDataIni, Data aDataFim, Numero end aQtdDiasUteis);
900;AnoBissexto;Funcao AnoBissexto(Data aDataIni, Numero end aBissexto);
901;RetornarQtdDiasAno;Funcao RetornarQtdDiasAno(Data aData, Numero aTipoAno, Numero end aQtdDiasAno);
902;MMCalcularCorrecaoMonetaria','Funcao MMCalcularCorrecaoMonetaria(Alfa pCodMoe, Data pDatEmi, Numero pCotEmi, Data pDatPgt, Numero pVlrBas, Numero end pVlrCor, Numero end pVlrOde);
903;DataVencimentoImpostoMunicipal','Funcao DataVencimentoImpostoMunicipal(Numero nCodFil, Alfa aCodImp, Data dDatabase, Alfa aImpST, Numero nCodRai, Data End dDataVencimento);
904;ArredondaABNT;funcao ArredondaABNT(numero end Valor, numero Decimais);
905;GerarEntregaVarejo;funcao GerarEntregaVarejo(Numero filialEntrega, numero LocalEntrega, numero Empresa, numero filialNf, numero numeroNf, alfa serieNf, numero ignorarsejaexiste, numero end  numeroentrega);
906;SimulacaoIMP_CR_Iniciar;Funcao SimulacaoIMP_CR_Iniciar();
907;SimulacaoIMP_CR_Calcular','Funcao SimulacaoIMP_CR_Calcular(Numero pCodFil, Alfa pNumTit, Alfa pCodTpt, Numero pDatPgt, Alfa pCodTns, Numero pVlrDsc, Numero end pVlrPit, Numero end pVlrCrt, Numero end pVlrCsl, Numero end pVlrIrf, Numero end VlrOur);
908;SimulacaoIMP_CR_CalcularParcial','Funcao SimulacaoIMP_CR_CalcularParcial(Numero pCodFil, Alfa pNumTit, Alfa pCodTpt, Numero pDatPgt, Alfa pCodTns, Numero pVlrDsc, Numero pVlrMov, Numero end pVlrPit, Numero end pVlrCrt, Numero end pVlrCsl, Numero end pVlrIrf, Numero end VlrOur);
909;SimulacaoIMP_CR_Finalizar;Funcao SimulacaoIMP_CR_Finalizar();
910;RetornarSerieNotaFiscal;Funcao RetornarSerieNotaFiscal(Numero aEmpresa, Numero aFilial, Alfa aSerie, Alfa aForcarNova, Alfa End NovaSerie);
911;ListaRegraCarregarJson','Funcao ListaRegraCarregarJson(Numero End aLista, Alfa aJson, Alfa aGrupo, Alfa aCampos);
912;ValorElementoJson','Funcao ValorElementoJson(Alfa aJson, Alfa aGrupo, Alfa aElemento, Alfa End aValor);
913;ListaRegraCriarLista;Funcao ListaRegraCriarLista(Numero End aLista);
914;ListaRegraLiberarLista;Funcao ListaRegraLiberarLista();
915;CalcularValoresCP','Funcao CalcularValoresCP(Alfa aCursor, Data DatBas, Numero TipVct, Numero ConDbc, Numero end VlrJrs, Numero end VlrMul, Numero end VlrCor, Numero end VlrEnc, Numero end VlrOac, Numero end VlrDsc, Numero end VlrOde, Numero end VlrLiq);
916;CalcularValoresCR','Funcao CalcularValoresCR(Alfa aCursor, Data DatBas, Numero TipVct, Numero ConDbc, Numero end VlrJrs, Numero end VlrMul, Numero end VlrCor, Numero end VlrEnc, Numero end VlrOac, Numero end VlrDsc, Numero end VlrOde, Numero end VlrLiq);
917;ExisteCPA501BAIFE01;Funcao ExisteCPA501BAIFE01(Alfa End aRetorno);
918;ExcluirCalculoPISCOFINS;Funcao ExcluirCalculoPISCOFINS(Numero Empresa, Numero Filial, Alfa Imposto, Alfa end Retorno);
919;CarregarCSVparaPlataforma;Funcao CarregarCSVparaPlataforma(Alfa pFileNamePlataform, Alfa pTableNamePlataform, Alfa pAuthorization, Alfa end Retorno);
920;MontarAutenticacaoSeniorXd;Funcao MontarAutenticacaoSeniorXd(Alfa end Retorno);
921;ObterValorNumericoPadraoCNAB;Funcao ObterValorNumericoPadraoCNAB(Numero PosicaoInicial, Numero PosicaoFinal, Numero Valor, Alfa CaracterPreenchimento, Alfa ConcatenarRetorno, Alfa End RetornoPadraoCNAB);
922;ObterValorAlfaPadraoCNAB;Funcao ObterValorAlfaPadraoCNAB(Numero PosicaoInicial, Numero PosicaoFinal, Alfa Valor, Alfa CaracterPreenchimento, Alfa ConcatenarRetorno, Alfa End RetornoPadraoCNAB);
923;ObterValorDecimalPadraoCNAB;Funcao ObterValorDecimalPadraoCNAB(Numero PosicaoInicial, Numero PosicaoFinal, Numero QtdeDecimais, Numero Valor, Alfa CaracterPreenchimento, Alfa ConcatenarRetorno, Alfa End RetornoPadraoCNAB);
924;ObterValorDataPadraoCNAB;Funcao ObterValorDataPadraoCNAB(Numero PosicaoInicial, Numero PosicaoFinal, Data Valor, Alfa ConcatenarRetorno, Alfa End RetornoPadraoCNAB);
925;integrarPlataforma;funcao integrarPlataforma(Numero SeqInt, Numero Emp, Numero Fil, Numero DtEntrada, Numero Seq, Numero Acao, Numero Etapa, Alfa IdExt, Alfa idAux, Alfa UrlInt, Alfa DadInt, Numero Metodo, Alfa IdePro, Numero Enviar, Numero End SeqGer);
927;ObterProximoId;Funcao ObterProximoId(Alfa Identificador, Numero Incremento, Alfa Filtro, Numero End ProximoId);
926;ObterGuid;Funcao ObterGuid(Alfa End RetornoGuid);
928;atualizarRegIntPlataforma;funcao atualizarRegIntPlataforma(Numero SeqInt, Numero Acao, Numero Etapa, Alfa UrlInt, Alfa DadInt, Numero Metodo, Numero End Enviar);
929;SinalizarCapturaPeso;funcao SinalizarCapturaPeso(Alfa IdArea, Alfa IdLpr, Numero IdentificadorUnicoIntegracao, Alfa IdentificadorExterno, Numero End PesoCapturado);
930;GerarMDFeSaidaAutomatico;Funcao GerarMDFeSaidaAutomatico(Numero CodEmp, Numero CodFil, Alfa ChaveMDFeAuto, Alfa ListaChvDoe, Alfa GerarXml, Numero End NumEbq);
931;GerarTagDocumentoOrigemGNRE20;Funcao GerarTagDocumentoOrigemGNRE20(Alfa Estado, Alfa DocumentoArrecadacao, Numero TipoDocumento, Numero End TipoDocumentoImpresso);
932;GerarTagProdutoGNRE20;Funcao GerarTagProdutoGNRE20(Alfa Estado, Alfa DocumentoArrecadacao, Numero End ListarProduto);
933;GerarTagCamposExtraGNRE20;Funcao GerarTagCamposExtraGNRE20(Alfa Estado, Alfa DocumentoArrecadacao, Alfa ModeloNotaFiscal, Alfa End Codigo);
934;GerarNumeroTicketPesagem;Funcao GerarNumeroTicketPesagem(Numero CodEmp, Numero CodFil, Numero End numeroTicket);
935;CriarAquisicaoRural_R2055;Funcao CriarAquisicaoRural_R2055(Numero aCodEmp, Numero aCodFil, Numero aDatIni, Numero aDatFin, Alfa End aErro);
936;RetornarAquisicaoRural_R2055;Funcao RetornarAquisicaoRural_R2055(Numero End aCodFor, Alfa End aControle, Numero End aDocFor);
937;LimparAquisicaoRural_R2055;Funcao LimparAquisicaoRural_R2055();
938;BuscaNotasAquisicaoRural_R2055;Funcao BuscaNotasAquisicaoRural_R2055(Numero End aNumDoc, Numero End aDatEmi, Alfa End aCodSel, Numero End aVlrBru, Numero End aVlrIns, Numero End aVlrRat, Numero End aVlrSen, Alfa End aControle, Numero End aForNFC, Numero End aIndAqi);
939;ConverteStringParaNumeroNoBanco;Funcao ConverteStringParaNumeroNoBanco(Alfa aStringConverter, Alfa End aStringRetornada);
940;RetornaRegistrosLinhaADRCST;Funcao RetornaRegistrosLinhaADRCST(Alfa aLinha, Numero aPosicao, Alfa End aCampo);
941;BuscarDataVencImpostoEmpresa;Funcao BuscarDataVencImpostoEmpresa(Numero aCodEmp, Numero aCodFil, Alfa aCodImp, Alfa SigUfs, Numero RAIS, Data aDatabase, Data End aDataVencimento);
942;GerarOrdemSeparacaoWmsSenior;Funcao GerarOrdemSeparacaoWmsSenior(Numero CodEmp, Numero CodFil, Alfa End ChaveGerada, Alfa End Resultado);
943;GerarOrdemRecebimentoWmsSenior;Funcao GerarOrdemRecebimentoWmsSenior(Numero CodEmp, Numero CodFil, Alfa End ChaveGerada, Alfa End Resultado);
944;DisponibilizarPF_Faturar;Funcao DisponibilizarPF_Faturar(Numero pEmp, Numero pFil, Numero pAne, Numero pPfa);
945;EnviarArquivoGED;Funcao EnviarArquivoGED(Alfa aNomeArquivo);
947;InsereRegistro36','Funcao InsereRegistro36(Numero Seq, Numero CodTTD, Numero DCIP, Numero NConc, Numero BaseC, Numero ICMS, Numero CFUMDES, Numero FUMDES, Numero CFSOCIAL, Numero FSOCIAL, Numero BaseD, Numero ICMSD, Numero DFUMDES, Numero DFSOCIAL);
948;PrepararRegistro36','Funcao PrepararRegistro36(Numero CodEmp, Numero CodFil, Numero DatCmp, Alfa CodImp);
949;DesprepararRegistro36','Funcao DesprepararRegistro36(Numero CodEmp, Numero CodFil, Numero DatCmp, Alfa CodImp);
950;BuscaBaixaDepreciacaoTipo','Funcao BuscaBaixaDepreciacaoTipo(Numero aCodEmp, Alfa aCodBem, Numero aNumMan, Numero aDatMov, Numero aSeqMov, Alfa aCodTns, Alfa aTnsOri, Numero aVlrMov, Numero aTipo, Numero End aBaseCalculo);
951;MontaListPosEstFil;Funcao MontaListPosEstFil(Numero pEmp,Numero pData,Alfa Prod,Alfa Deriv,Alfa Depos,Alfa Orig,Alfa Fam,Alfa Agrupa, Alfa pFil);
952;GravarNomeArquivoRelatorio;Funcao GravarNomeArquivoRelatorio(Numero aCodEmp, Numero aCodFil, Numero aCodUsu, Alfa aNomeRelatorio, Alfa aNomeArquivo);
953;RetornarSequencialBaseadoChave;Funcao RetornarSequencialBaseadoChave(Alfa pTabelaBase, Alfa pChave, Numero end aSequencial);
954;ExecutarRotinaSapiens;Funcao ExecutarRotinaSapiens(Numero pEmpresaExecusao, Numero pFilialExecucao, Numero pRotinaSapiens, Alfa pParamentros, Alfa end pStatus, Alfa end pMensagemErro);
955;Tracking_RegistrarDocumento;Funcao Tracking_RegistrarDocumento(Numero pCodEmp, Numero pCodFil, Alfa pTipDoc, Alfa pNumDoc, Alfa pSerDoc, Alfa pDocExt, Numero pCodPla, Alfa end pStatus, Alfa end pMensagemErro);
956;Tracking_RegistrarFase;Funcao Tracking_RegistrarFase(Numero pCodEmp, Numero pCodFil, Alfa pNumDoc, Numero pCodFas, Alfa pMsgNot, Alfa EncTrk, Alfa end pStatus, Alfa end pMensagemErro);
957;Tracking_CancelarFase;Funcao Tracking_CancelarFase(Numero pCodEmp, Numero pCodFil, Alfa pNumDoc, Numero pCodFas, Alfa pMsgNot, Alfa end pStatus, Alfa end pMensagemErro);
958;Tracking_Cancelar;Funcao Tracking_Cancelar(Numero pCodEmp, Numero pCodFil, Alfa pNumDoc, Alfa end pStatus, Alfa end pMensagemErro);
959;Tracking_Transferir;Funcao Tracking_Transferir(Numero pCodEmp, Numero pCodFil, Alfa pTipDoc, Alfa pNumDoc, Alfa pSerDoc, Alfa end pStatus, Alfa end pMensagemErro);
960;Tracking_CancelarTransferido;Funcao Tracking_CancelarTransferido(Numero pCodEmp, Numero pCodFil, Alfa pTipDoc, Alfa pNumDoc, Alfa pSerDoc, Alfa end pStatus, Alfa end pMensagemErro);
961;SinalizarFaturamentoWmsSenior;Funcao SinalizarFaturamentoWmsSenior(Numero pCodEmp, Numero pCodFil, Numero pNumNfv, Alfa pCodSnf, Alfa pTipoDocumento,  Alfa end pChaveGerada, Alfa end pStatus);
962;AgendarExecucaoWebservice;Funcao AgendarExecucaoWebservice(Numero pCodEmp, Alfa pAbrFil, Alfa pWebService, Alfa pPorta, Alfa pJSON);
963;AlterarStatusPlanoExecucao;Funcao AlterarStatusPlanoExecucao(Numero pIdePle, Numero pStsReq);
964;RetornarQuantidadeLoteUtilizada;Funcao RetornarQuantidadeLoteUtilizada(Numero pCodEmp, Alfa pCodPro, Alfa pCodDer, Alfa pCodDep, Alfa pCodLot, Numero End pQtdUti);
965;InserirPassoPlanoExecucao;Funcao InserirPassoPlanoExecucao(Numero pIdePle, Alfa pMensagem);
966;AgendarExecucaoWebserviceEx;Funcao AgendarExecucaoWebserviceEx(Numero pCodEmp, Alfa pAbrFil, Alfa pWebService, Alfa pPorta, Alfa pJSON, Numero End pIdePle);
967;GravarObservacaoCR;Funcao GravarObservacaoCR(Numero aCodEmp, Numero aCodFil, Alfa aNumTit, Alfa aCodTpt, Alfa Obs);
968;GravarObservacaoCP;Funcao GravarObservacaoCP(Numero aCodEmp, Numero aCodFil, Numero aCodFor, Alfa aNumTit, Alfa aCodTpt, Alfa Obs);                                                                      
969;GerarOrdemSeparacaoPFNF;Funcao GerarOrdemSeparacaoPfNf(Numero pCodEmp, Numero pCodFil, Numero pNumDoc, numero pSeqDoc, Alfa pSerieDoc, Alfa pTipoDocumento, Alfa end pChaveGerada, Alfa end pStatus);
970;ReexecutarAcaoEletronica;Funcao ReexecutarAcaoEletronica(Numero pIdentificadorUnico, Numero pCodEmp, Numero pCodFil, Alfa pCodSnf, Alfa pAbrangenciaNfe, Alfa pAcaoNfe, Alfa pSimularEmissao, Alfa pRotinaOrigem, Alfa End pResultado);
971;DiasEntreDatas;Funcao DiasEntreDatas(Alfa pDataIni, Alfa pDataFim, Numero pUsarDataAtual, Alfa End pResultado);
972;LoteLctoAdicionaLctoCNPJ','Funcao LoteLctoAdicionaLctoCgc(Numero pCodFil, Numero pDatLct, Numero pCtaDeb, Numero pCtaCre,Numero pVlrLct, Numero pCodHpd, Alfa pCplLct, Alfa pDocLct, Alfa pObsCpl, Alfa pCgcCpf, Alfa pCgcCre, Alfa end pResult);
973;Gerar_Log_Pedido;Funcao Gerar_Log_Pedido(Numero pEmpPed, Numero pFilPed, Alfa pAbrPed, Alfa aDescricao, Alfa pOrigem, Alfa pOrdemOpe, Alfa pComplemento_Operacao, Alfa pObservacao_Depuracao);
974;Gerar_Log_Analise;Funcao Gerar_Log_Analise(Numero pEmpAne, Numero pFilAne, Numero pNumAne, Alfa pAbrPfa, Alfa aDescricao, Alfa pOrigem, Alfa pOrdemOpe, Alfa pComplemento_Operacao, Alfa pObservacao_Depuracao);
975;Gerar_Log_NotaSaida;Funcao Gerar_Log_NotaSaida(Numero pEmpNfv, Numero pFilNfv, Alfa pSnfNfv, Alfa pAbrNfv, Alfa aDescricao, Alfa pOrigem, Alfa pOrdemOpe, Alfa pComplemento_Operacao, Alfa pObservacao_Depuracao);
976;Gerar_Log_Generico;Funcao Gerar_Log_Generico(Alfa aNomTab, Alfa aTipLog, Alfa aChaTab, Alfa aNomFrm, Alfa aDesLog, Numero pForcaGravacao, Numero pUsarConexaoParalela);
977;ExecutarComandoSQL;Funcao ExecutarComandoSQL(Alfa pComando, Alfa pParalela, Numero End pLinhasAfetadas, Alfa End pResultado);
978;RowNum;Funcao RowNum(Numero pLinhas, Alfa pPosicao, Alfa pInsAnd, Alfa End pCmdRet);

